Workbook

Sheet total_revenue_bycountry
A1: ordernumber | B1: customername | C1: contactname | D1: country | E1: total_items | F1: total_revenue
A2: 10178 | B2: Alpha Cognac | C2: Annette Roulet | D2: France | E2: 12 | F2: 33818.34
A3: 10136 | B3: Alpha Cognac | C3: Annette Roulet | D3: France | E3: 3 | F3: 14232.7
A4: 10397 | B4: Alpha Cognac | C4: Annette Roulet | D4: France | E4: 5 | F4: 12432.32
A5: 10280 | B5: Amica Models & Co. | C5: Paolo Accorti | D5: Italy | E5: 17 | F5: 48298.99
A6: 10293 | B6: Amica Models & Co. | C6: Paolo Accorti | D6: Italy | E6: 9 | F6: 33924.24
A7: 10148 | B7: Anna's Decorations, Ltd | C7: Anna O'Hara | D7: Australia | E7: 14 | F7: 41554.73
A8: 10169 | B8: Anna's Decorations, Ltd | C8: Anna O'Hara | D8: Australia | E8: 13 | F8: 38547.19
A9: 10391 | B9: Anna's Decorations, Ltd | C9: Anna O'Hara | D9: Australia | E9: 10 | F9: 29848.52
A10: 10370 | B10: Anna's Decorations, Ltd | C10: Anna O'Hara | D10: Australia | E10: 9 | F10: 27083.78
A11: 10123 | B11: Atelier graphique | C11: Carine Schmitt | D11: France | E11: 4 | F11: 14571.44
A12: 10298 | B12: Atelier graphique | C12: Carine Schmitt | D12: France | E12: 2 | F12: 6066.78
A13: 10345 | B13: Atelier graphique | C13: Carine Schmitt | D13: France | E13: 1 | F13: 1676.14
... A327: 10199 | B327: West Coast Collectables Co. | C327: Steve Thompson | D327: USA | E327: 3 | F327: 7678.25

Sheet customer_credit_vs_sales
A1: customername | B1: country | C1: total_order_count | D1: total_revenue | E1: creditlimit | F1: credit_tier
A2: Euro+ Shopping Channel | B2: Spain | C2: 26 | D2: 820689.54 | E2: 227600 | F2: greater than 125k
A3: Mini Gifts Distributors Ltd. | B3: USA | C3: 17 | D3: 591827.34 | E3: 210500 | F3: greater than 125k
A4: Australian Collectors, Co. | B4: Australia | C4: 5 | D4: 180585.07 | E4: 117300 | F4: 100k - 125k
A5: Muscle Machine Inc | B5: USA | C5: 4 | D5: 177913.95 | E5: 138500 | F5: greater than 125k
A6: La Rochelle Gifts | B6: France | C6: 4 | D6: 158573.12 | E6: 118200 | F6: 100k - 125k
A7: Dragon Souveniers, Ltd. | B7: Singapore | C7: 5 | D7: 156251.03 | E7: 103800 | F7: 100k - 125k
A8: Down Under Souveniers, Inc | B8: New Zealand | C8: 5 | D8: 154622.08 | E8: 88000 | F8: 75k - 100k
A9: Land of Toys Inc. | B9: USA | C9: 4 | D9: 149085.15 | E9: 114900 | F9: 100k - 125k
A10: AV Stores, Co. | B10: UK | C10: 3 | D10: 148410.09 | E10: 136800 | F10: greater than 125k
A11: The Sharp Gifts Warehouse | B11: USA | C11: 4 | D11: 143536.27 | E11: 77600 | F11: 75k - 100k
A12: Salzburg Collectables | B12: Austria | C12: 4 | D12: 137480.07 | E12: 71700 | F12: 50k - 75k
A13: Kelly's Gift Shop | B13: New Zealand | C13: 4 | D13: 137460.79 | E13: 110000 | F13: 100k - 125k
... A99: Boards & Toys Co. | B99: USA | C99: 2 | D99: 7918.6 | E99: 11000 | F99: less than 50k

Sheet Pivot Tables
B2: Sales Revenue by Region | E2: Sales by Credit Tier | H2: Sales vs Credit by Customer
B4: Row Labels | C4: Sum of total_revenue | E4: Row Labels | F4: Sum of total_revenue | H4: Row Labels | I4: Sum of creditlimit | J4: Sum of total_revenue | K4: Sales as % of Credit Limit
B5: Hong Kong | C5: 45480.79 | E5: greater than 125k | F5: 1847618.8 | H5: Osaka Souveniers Co. | I5: 1200 | J5: 62361.22 | K5: 51.967683
B6: Ireland | C6: 49898.27 | E6: 100k - 125k | F6: 2399571.3 | H6: Euro+ Shopping Channel | I6: 227600 | J6: 820689.54 | K6: 3.6058416
B7: Philippines | C7: 87468.3 | E7: 75k - 100k | F7: 3281983.5 | H7: Mini Gifts Distributors Ltd. | I7: 210500 | J7: 591827.34 | K7: 2.8115313
B8: Belgium | C8: 100068.76 | E8: 50k - 75k | F8: 1479125.4 | H8: Gifts4AllAges.com | I8: 41900 | J8: 84340.32 | K8: 2.0128955
B9: Norway | C9: 104224.79 | E9: less than 50k | F9: 595891.52 | H9: Salzburg Collectables | I9: 71700 | J9: 137480.07 | K9: 1.9174347
B10: Switzerland | C10: 108777.92 | H10: Tekni Collectables Inc. | I10: 43000 | J10: 81806.55 | K10: 1.9024779
B11: Norway | C11: 166621.51 | H11: The Sharp Gifts Warehouse | I11: 77600 | J11: 143536.27 | K11: 1.8496942
B12: Japan | C12: 167909.95 | E12: Avg Order by Credit Tier | H12: Down Under Souveniers, Inc | I12: 88000 | J12: 154622.08 | K12: 1.7570691
B13: Sweden | C13: 187638.35 | H13: Reims Collectables | I13: 81100 | J13: 126983.19 | K13: 1.5657607
B14: Austria | C14: 188540.06 | H14: Danish Wholesale Imports | I14: 83400 | J14: 129085.12 | K14: 1.5477832
B15: Germany | C15: 196470.99 | E15: Row Labels | F15: Average of order_amount | H15: Australian Collectors, Co. | I15: 117300 | J15: 180585.07 | K15: 1.5395147
B16: Canada | C16: 205911.86 | E16: greater than 125k | F16: 35531.132 | H16: Dragon Souveniers, Ltd. | I16: 103800 | J16: 156251.03 | K16: 1.5053086
B17: Denmark | C17: 218994.92 | E17: 100k - 125k | F17: 37493.302 | H17: Souveniers And Things Co. | I17: 93300 | J17: 133907.12 | K17: 1.4352317
B18: Singapore | C18: 263997.78 | E18: 75k - 100k | F18: 30109.941 | H18: Qu bec Home Shopping Network | I18: 48700 | J18: 68977.67 | K18: 1.4163793
B19: Finland | C19: 295149.35 | E19: 50k - 75k | F19: 23111.334 | H19: Mini Caravy | I19: 53800 | J19: 75859.32 | K19: 1.4100245
B20: Italy | C20: 360616.81 | E20: less than 50k | F20: 16105.176 | H20: La Rochelle Gifts | I20: 118200 | J20: 158573.12 | K20: 1.3415662
B21: UK | C21: 436947.44 | H21: Land of Toys Inc. | I21: 114900 | J21: 149085.15 | K21: 1.2975209
B22: New Zealand | C22: 476847.01 | H22: Muscle Machine Inc | I22: 138500 | J22: 177913.95 | K22: 1.2845773
B23: Australia | C23: 562582.59 | H23: Baane Mini Imports | I23: 81700 | J23: 104224.79 | K23: 1.2757012
B24: France | C24: 1007374 | H24: Blauer See Auto, Co. | I24: 59700 | J24: 75937.76 | K24: 1.2719893
B25: Spain | C25: 1099389.1 | H25: Anna's Decorations, Ltd | I25: 107800 | J25: 137034.22 | K25: 1.2711894
B26: USA | C26: 3273280 | H26: Corporate Gift Ideas Co. | I26: 105000 | J26: 132340.78 | K26: 1.2603884
H27: Volvo Model Replicas, Co | I27: 53100 | J27: 66694.82 | K27: 1.256023
H28: Kelly's Gift Shop | I28: 110000 | J28: 137460.79 | K28: 1.2496435
H29: Royale Belge | I29: 23500 | J29: 29217.18 | K29: 1.2432843
H30: Technics Stores Inc. | I30: 84600 | J30: 104545.22 | K30: 1.2357591
H31: GiftsForHim.com | I31: 77700 | J31: 94431.76 | K31: 1.215338
H32: UK Collectables, Ltd. | I32: 92700 | J32: 106610.72 | K32: 1.1500617
H33: Enaco Distributors | I33: 60300 | J33: 68520.47 | K33: 1.1363262
H34: Gift Depot Inc. | I34: 84300 | J34: 95424.63 | K34: 1.1319648
H35: Mini Auto Werke | I35: 45300 | J35: 51059.99 | K35: 1.1271521
H36: Tokyo Collectables, Ltd | I36: 94400 | J36: 105548.73 | K36: 1.118101
H37: Signal Gift Stores | I37: 71800 | J37: 80180.98 | K37: 1.1167267
H38: Marseille Mini Autos | I38: 65000 | J38: 71547.53 | K38: 1.1007312
... H102: Bavarian Collectables Imports, Co. | I102: 77000 | J102: 31310.09 | K102: 0.40662455

Sheet Charts
W2: Top 10 Customers and Credit Tier
W4: Customer | X4: Region | Y4: Credit Tier
W5: =INDEX('customer_credit_vs_sales'!A:A,2) -> Euro+ Shopping Channel | X5: =INDEX('customer_credit_vs_sales'!B:B,2) -> Spain | Y5: =INDEX('customer_credit_vs_sales'!F:F,2) -> greater than 125k
W6: =INDEX('customer_credit_vs_sales'!A:A,3) -> Mini Gifts Distributors Ltd. | X6: =INDEX('customer_credit_vs_sales'!B:B,3) -> USA | Y6: =INDEX('customer_credit_vs_sales'!F:F,3) -> greater than 125k
W7: =INDEX('customer_credit_vs_sales'!A:A,4) -> Australian Collectors, Co. | X7: =INDEX('customer_credit_vs_sales'!B:B,4) -> Australia | Y7: =INDEX('customer_credit_vs_sales'!F:F,4) -> 100k - 125k
W8: =INDEX('customer_credit_vs_sales'!A:A,5) -> Muscle Machine Inc | X8: =INDEX('customer_credit_vs_sales'!B:B,5) -> USA | Y8: =INDEX('customer_credit_vs_sales'!F:F,5) -> greater than 125k
W9: =INDEX('customer_credit_vs_sales'!A:A,6) -> La Rochelle Gifts | X9: =INDEX('customer_credit_vs_sales'!B:B,6) -> France | Y9: =INDEX('customer_credit_vs_sales'!F:F,6) -> 100k - 125k
W10: =INDEX('customer_credit_vs_sales'!A:A,7) -> Dragon Souveniers, Ltd. | X10: =INDEX('customer_credit_vs_sales'!B:B,7) -> Singapore | Y10: =INDEX('customer_credit_vs_sales'!F:F,7) -> 100k - 125k
W11: =INDEX('customer_credit_vs_sales'!A:A,8) -> Down Under Souveniers, Inc | X11: =INDEX('customer_credit_vs_sales'!B:B,8) -> New Zealand | Y11: =INDEX('customer_credit_vs_sales'!F:F,8) -> 75k - 100k
W12: =INDEX('customer_credit_vs_sales'!A:A,9) -> Land of Toys Inc. | X12: =INDEX('customer_credit_vs_sales'!B:B,9) -> USA | Y12: =INDEX('customer_credit_vs_sales'!F:F,9) -> 100k - 125k
W13: =INDEX('customer_credit_vs_sales'!A:A,10) -> AV Stores, Co. | X13: =INDEX('customer_credit_vs_sales'!B:B,10) -> UK | Y13: =INDEX('customer_credit_vs_sales'!F:F,10) -> greater than 125k
W14: =INDEX('customer_credit_vs_sales'!A:A,11) -> The Sharp Gifts Warehouse | X14: =INDEX('customer_credit_vs_sales'!B:B,11) -> USA | Y14: =INDEX('customer_credit_vs_sales'!F:F,11) -> 75k - 100k
